No.,カテゴリ,グループ,種別,タイトル,公開済,アフィ候補
1,節約,固定費削減,親,固定費を見直す方法｜毎月の支出を減らすポイント,済,なし
1_1,節約,固定費削減,子,格安SIMに乗り換えるメリット・デメリット,済,格安SIM
1_2,節約,固定費削減,子,サブスクを整理する方法,済,なし
1_3,節約,固定費削減,子,保険を見直すときの確認ポイント,済,保険
1_4,節約,固定費削減,子,家賃を見直す方法｜住居費を下げる考え方,済,なし
1_5,節約,固定費削減,子,固定費を一度に見直すチェックリスト,済,なし
1_6,節約,固定費削減,子,楽天モバイルを選んだ理由｜料金上限がわかりやすく管理しやすい,済,楽天モバイル
2,節約,食費節約,親,食費を無理なく節約する方法｜続けやすい見直し方,済,なし
2_1,節約,食費節約,子,食費を月いくらに抑えるべきか,済,なし
2_2,節約,食費節約,子,外食費を減らす方法,済,なし
2_3,節約,食費節約,子,まとめ買いで食費を節約する方法,済,なし
2_4,節約,食費節約,子,食材を使い切って食品ロスを減らす方法,済,なし
2_5,節約,食費節約,子,安い食材で栄養を保つ方法,済,なし
2_6,節約,食費節約,子,無理なく自炊するコツ｜炒め物・シチュー・鍋を味変して続ける方法,済,なし
2_7,節約,食費節約,子,冷凍弁当を作り置きする方法｜会社で温めるだけでラクに節約,済,なし
2_8,節約,食費節約,子,レシピを決めずに買い物する食費節約術｜安い食材から献立を考える,済,なし
2_9,節約,食費節約,子,コンビニと外食を減らして食費を節約する方法,済,なし
3,節約,光熱費節約,親,電気代・ガス代を節約する方法｜効果の大きい対策,済,なし
3_1,節約,光熱費節約,子,電気代を節約する方法,済,なし
3_2,節約,光熱費節約,子,エアコンの電気代を抑える方法,済,なし
3_3,節約,光熱費節約,子,待機電力を減らす方法,済,なし
3_4,節約,光熱費節約,子,ガス代を節約する方法,済,なし
3_5,節約,光熱費節約,子,水道代を見直す方法,済,なし
4,節約,買い物節約,親,買い物で無駄遣いを減らす方法｜必要なものだけ買うコツ,済,なし
4_1,節約,買い物節約,子,ポイント還元を活用する方法,済,ポイントサイト
4_2,節約,買い物節約,子,セールで買いすぎないための考え方,済,なし
4_3,節約,買い物節約,子,ネット通販の衝動買いを防ぐ方法,済,なし
4_4,節約,買い物節約,子,安物買いの失敗を防ぐ方法,済,なし
4_5,節約,買い物節約,子,買う前に確認したいチェック項目,済,なし
5,節約,節約の考え方,親,節約が続かない原因は？無理なく続けるコツ,済,なし
5_1,節約,節約の考え方,子,月1万円節約する方法,済,なし
5_2,節約,節約の考え方,子,節約と我慢の違い,済,なし
5_3,節約,節約の考え方,子,節約が苦しくなったときの見直し方,済,なし
5_4,節約,節約の考え方,子,節約の目標額を決める方法,済,なし
5_5,節約,節約の考え方,子,節約したお金を投資に回す方法,済,なし
6,家計管理,家計簿,親,家計簿のつけ方｜初心者でも続けやすい管理方法,済,なし
6_1,家計管理,家計簿,子,家計簿が続かない原因,済,なし
6_2,家計管理,家計簿,子,家計簿アプリと手書きの違い,済,家計簿アプリ
6_3,家計管理,家計簿,子,家計簿で最初に記録する項目,済,なし
6_4,家計管理,家計簿,子,家計簿の費目を分ける方法,済,なし
6_5,家計管理,家計簿,子,家計簿を毎日つけなくても管理する方法,済,なし
7,家計管理,貯金,親,貯金を増やす方法｜先取り貯金と目標設定,済,なし
7_1,家計管理,貯金,子,貯金ゼロから始める方法,済,なし
7_2,家計管理,貯金,子,先取り貯金のやり方,済,なし
7_3,家計管理,貯金,子,給料日にやるお金の管理,済,なし
7_4,家計管理,貯金,子,月収別の貯金額目安,済,なし
7_5,家計管理,貯金,子,貯金目標を決める方法,済,なし
8,家計管理,生活費,親,生活費の平均はいくら？家計の見直し方,済,なし
8_1,家計管理,生活費,子,生活費の内訳と見直しやすい項目,済,なし
8_2,家計管理,生活費,子,食費・通信費・住居費の割合,済,なし
8_3,家計管理,生活費,子,二人暮らしの生活費を管理する方法,済,なし
8_4,家計管理,生活費,子,生活費が足りないときの見直し方,済,なし
8_5,家計管理,生活費,子,家計の予算を決める方法,済,なし
9,家計管理,現金管理,親,現金はいくら持つべき？生活防衛資金の考え方,済,なし
9_1,家計管理,現金管理,子,生活防衛資金はいくら必要か,済,なし
9_2,家計管理,現金管理,子,生活費より収入が多い人の現金管理,済,なし
9_3,家計管理,現金管理,子,貯金しすぎず投資に回す考え方,済,なし
9_4,家計管理,現金管理,子,現金と投資の割合はどう決めるか,済,なし
9_5,家計管理,現金管理,子,急な出費に備えるお金の分け方,済,なし
10,家計管理,夫婦のお金,親,夫婦のお金を管理する方法｜財布を分ける・まとめる,済,なし
10_1,家計管理,夫婦のお金,子,夫婦の財布は一緒にするべきか,済,なし
10_2,家計管理,夫婦のお金,子,共働き夫婦の生活費分担方法,済,なし
10_3,家計管理,夫婦のお金,子,夫婦で投資方針を決める方法,済,なし
10_4,家計管理,夫婦のお金,子,夫婦のお金の話し合いで決めること,済,なし
10_5,家計管理,夫婦のお金,子,家計を一人で管理するときの注意点,済,なし
11,収入アップ,転職,親,転職で収入を上げる方法｜年収アップを目指すポイント,済,なし
11_1,収入アップ,転職,子,収入を上げるなら節約と転職どちらが先か,済,転職
11_2,収入アップ,転職,子,転職で年収が上がりやすい人の特徴,済,転職
11_3,収入アップ,転職,子,転職前に確認したい年収以外の条件,済,転職
11_4,収入アップ,転職,子,転職で手取りを増やすために確認すること,済,転職
11_5,収入アップ,転職,子,転職による収入アップの注意点,済,転職
11_6,収入アップ,転職,子,20代前半の転職で年収が約100万円上がった体験談,済,転職
12,収入アップ,副業,親,副業を始める方法｜初心者が無理なく収入を増やすには,済,なし
12_1,収入アップ,副業,子,副業は思ったより難しい？始める前の注意点,済,副業
12_2,収入アップ,副業,子,ブログ副業で収入を得るまでの流れ,済,ブログ
12_3,収入アップ,副業,子,スキルなしでできる副業の考え方,済,副業
12_4,収入アップ,副業,子,副業の収入にかかる税金の基本,済,副業
12_5,収入アップ,副業,子,副業を続けるための時間管理,済,副業
13,収入アップ,昇給,親,昇給するには？会社員が収入を上げる方法,済,なし
13_1,収入アップ,昇給,子,昇給しやすい人の仕事の進め方,済,なし
13_2,収入アップ,昇給,子,評価される成果の伝え方,済,なし
13_3,収入アップ,昇給,子,資格取得は収入アップにつながるか,済,資格
13_4,収入アップ,昇給,子,年収交渉をするときの考え方,済,なし
13_5,収入アップ,昇給,子,会社員が市場価値を高める方法,済,なし
14,収入アップ,在宅ワーク,親,在宅でできる仕事には何がある？始め方と注意点,済,なし
14_1,収入アップ,在宅ワーク,子,在宅ワークのメリット・デメリット,済,在宅ワーク
14_2,収入アップ,在宅ワーク,子,在宅でできる仕事を探す方法,済,在宅ワーク
14_3,収入アップ,在宅ワーク,子,在宅ワークに必要な道具と費用,済,在宅ワーク
14_4,収入アップ,在宅ワーク,子,在宅ワークの収入を家計に活かす方法,済,在宅ワーク
14_5,収入アップ,在宅ワーク,子,在宅ワークで働くときの注意点,済,在宅ワーク
15,収入アップ,働き方,親,働き方を変えて家計を改善する方法,済,なし
15_1,収入アップ,働き方,子,働く時間を減らして家計を維持する方法,済,なし
15_2,収入アップ,働き方,子,専業主婦・主夫になる前に考えるお金のこと,済,なし
15_3,収入アップ,働き方,子,正社員とパートの収入・保障の違い,済,なし
15_4,収入アップ,働き方,子,収入と自由時間のバランスを考える方法,済,なし
15_5,収入アップ,働き方,子,働かずに資産を増やす考え方,済,なし
16,NISA・投資信託,NISA基本,親,NISAとは？初心者向けに制度と始め方を解説,済,なし
16_1,NISA・投資信託,NISA基本,子,NISAで何を買えばいい？,済,証券口座
16_2,NISA・投資信託,NISA基本,子,NISAのつみたて投資枠と成長投資枠の違い,済,証券口座
16_3,NISA・投資信託,NISA基本,子,NISAで毎月いくら投資するべきか,済,証券口座
16_4,NISA・投資信託,NISA基本,子,NISAを始める前に確認したいこと,済,証券口座
16_5,NISA・投資信託,NISA基本,子,NISAの非課税期間と非課税保有限度額,済,証券口座
16_6,NISA・投資信託,NISA基本,子,NISAの始め方｜証券口座の開設から投資信託の注文まで,済,証券口座
16_7,NISA・投資信託,NISA基本,子,NISA口座の証券会社はどう選ぶ？SBI証券と楽天証券を比較,済,証券口座
16_8,NISA・投資信託,NISA基本,子,SBI証券でNISAを始める方法｜口座開設から積立設定まで,済,証券口座
16_9,NISA・投資信託,NISA基本,子,楽天証券でNISAを始める方法｜口座開設から積立設定まで,済,証券口座
16_10,NISA・投資信託,NISA基本,子,SBI証券の投信つみたてアプリで積立設定する方法,済,証券口座
16_11,NISA・投資信託,NISA基本,子,楽天証券のiGrowで投資信託を注文する方法,済,証券口座
16_12,NISA・投資信託,NISA基本,子,SBI証券と楽天証券はどう選ぶ？メインカードで決める方法,済,証券口座
16_13,NISA・投資信託,NISA基本,子,クレカ積立とは？SBI証券と楽天証券のポイントを比較,済,証券口座
17,NISA・投資信託,投資信託基本,親,投資信託とは？仕組みと選び方を解説,済,なし
17_1,NISA・投資信託,投資信託基本,子,投資信託の信託報酬とは？,済,証券口座
17_2,NISA・投資信託,投資信託基本,子,投資信託の基準価額とは？,済,なし
17_3,NISA・投資信託,投資信託基本,子,分配金あり・なしの違い,済,なし
17_4,NISA・投資信託,投資信託基本,子,投資信託の手数料を確認する方法,済,なし
17_5,NISA・投資信託,投資信託基本,子,投資信託を選ぶときの確認項目,済,なし
18,NISA・投資信託,インデックス投資,親,インデックス投資とは？初心者向けに特徴を解説,済,なし
18_1,NISA・投資信託,インデックス投資,子,インデックス投資のメリット・デメリット,済,なし
18_2,NISA・投資信託,インデックス投資,子,インデックス投資とアクティブ投資の違い,済,なし
18_3,NISA・投資信託,インデックス投資,子,長期・積立・分散が基本といわれる理由,済,なし
18_4,NISA・投資信託,インデックス投資,子,投資信託はいつ買うべきか,済,なし
18_5,NISA・投資信託,インデックス投資,子,暴落時も積立を続けるべきか,済,なし
19,NISA・投資信託,商品比較,親,オルカン・S&P500などの違いを比較,済,なし
19_1,NISA・投資信託,商品比較,子,オールカントリーとは？,済,なし
19_2,NISA・投資信託,商品比較,子,S&P500とは？,済,なし
19_3,NISA・投資信託,商品比較,子,オルカンとS&P500の違い,済,なし
19_4,NISA・投資信託,商品比較,子,全世界株式と米国株式の違い,済,なし
19_5,NISA・投資信託,商品比較,子,投資信託とETFの違い,済,なし
20,NISA・投資信託,投資の実践,親,投資信託を買った後にやること・やらないこと,済,なし
20_1,NISA・投資信託,投資の実践,子,投資タイミングを待つべき？年初一括投資を選んだ理由,済,なし
20_2,NISA・投資信託,投資の実践,子,NVIDIAを90ドルで売ったあと株価が2倍に？個別株を握れなかった投資体験談,済,なし
20_3,NISA・投資信託,投資の実践,子,自分が安心して握れる投資商品を選ぶ方法,済,なし
20_4,NISA・投資信託,投資の実践,子,個別株からETF・投資信託に変えた理由,済,なし
20_5,NISA・投資信託,投資の実践,子,投資で後悔したときに考えたいこと,済,なし
21,資産形成,長期投資,親,長期投資で資産を増やす方法,済,なし
21_1,資産形成,長期投資,子,長期投資を続けるための考え方,済,なし
21_2,資産形成,長期投資,子,投資元本と含み益の違い,済,なし
21_3,資産形成,長期投資,子,追加投資なしで資産はどこまで増える？,済,なし
21_4,資産形成,長期投資,子,複利で資産が増える仕組み,済,なし
21_5,資産形成,長期投資,子,長期投資で相場を見すぎない方法,済,なし
22,資産形成,目標額,親,資産形成の目標額はいくら？,済,なし
22_1,資産形成,目標額,子,毎月1万円を20年間投資するといくらになる？,済,なし
22_2,資産形成,目標額,子,毎月3万円を20年間投資するといくらになる？,済,なし
22_3,資産形成,目標額,子,1000万円を作るには毎月いくら必要か,済,なし
22_4,資産形成,目標額,子,30代で1000万円の資産は多い？,済,なし
22_5,資産形成,目標額,子,資産運用で1億円を目指すには,済,なし
23,資産形成,FIRE,親,FIREとは？必要資金と実現方法,済,なし
23_1,資産形成,FIRE,子,FIREに必要な資産はいくら？,済,なし
23_2,資産形成,FIRE,子,サイドFIREとは？完全FIREとの違い,済,なし
23_3,資産形成,FIRE,子,FIRE後の生活費をどう考えるか,済,なし
23_4,資産形成,FIRE,子,働かずに暮らすために必要な準備,済,なし
23_5,資産形成,FIRE,子,資産形成とFIREを目指すメリット・デメリット,済,なし
24,資産形成,取り崩し,親,老後やFIRE後の資産取り崩し方法,済,なし
24_1,資産形成,取り崩し,子,4％ルールとは？,済,なし
24_2,資産形成,取り崩し,子,資産を取り崩すときの順番,済,なし
24_3,資産形成,取り崩し,子,投資をやめるタイミング,済,なし
24_4,資産形成,取り崩し,子,定率取り崩しと定額取り崩しの違い,済,なし
24_5,資産形成,取り崩し,子,暴落時に資産を取り崩す方法,済,なし
25,資産形成,運用記録,親,資産形成の過程を公開｜貯金から投資まで,済,なし
25_1,資産形成,運用記録,子,管理人の資産推移を公開,済,なし
25_2,資産形成,運用記録,子,管理人のポートフォリオを公開,済,なし
25_3,資産形成,運用記録,子,20代で資産1000万円を作るまでにやったこと,済,なし
25_4,資産形成,運用記録,子,資産が増えて感じたお金の変化,済,なし
25_5,資産形成,運用記録,子,管理人の投資方針と今後の目標,済,なし
26,お金の基礎,税金,親,給料や投資にかかる税金の基本,済,なし
26_1,お金の基礎,税金,子,額面給与と手取りの違い,済,なし
26_2,お金の基礎,税金,子,所得税と住民税の違い,済,なし
26_3,お金の基礎,税金,子,投資の利益にかかる税金の基本,済,なし
26_4,お金の基礎,税金,子,源泉徴収とは？,済,なし
26_5,お金の基礎,税金,子,確定申告が必要になるケース,済,なし
27,お金の基礎,社会保険,親,社会保険料の仕組みを初心者向けに解説,済,なし
27_1,お金の基礎,社会保険,子,社会保険料は何に使われている？,済,なし
27_2,お金の基礎,社会保険,子,健康保険と国民健康保険の違い,済,なし
27_3,お金の基礎,社会保険,子,厚生年金と国民年金の違い,済,なし
27_4,お金の基礎,社会保険,子,退職後の社会保険をどうするか,済,なし
27_5,お金の基礎,社会保険,子,扶養に入ると何が変わる？,済,なし
28,お金の基礎,金利,親,金利とは？預金・ローン・投資との関係,済,なし
28_1,お金の基礎,金利,子,複利とは？,済,なし
28_2,お金の基礎,金利,子,単利と複利の違い,済,なし
28_3,お金の基礎,金利,子,預金金利と投資のリターンの違い,済,なし
28_4,お金の基礎,金利,子,住宅ローンの金利タイプを比較,済,住宅ローン
28_5,お金の基礎,金利,子,金利上昇で家計はどう変わる？,済,住宅ローン
29,お金の基礎,金融商品,親,株式・投資信託・ETFの違い,済,なし
29_1,お金の基礎,金融商品,子,株式と投資信託の違い,済,なし
29_2,お金の基礎,金融商品,子,ETFと投資信託の違い,済,なし
29_3,お金の基礎,金融商品,子,銀行預金と投資の違い,済,なし
29_4,お金の基礎,金融商品,子,リスクとリターンとは？,済,なし
29_5,お金の基礎,金融商品,子,元本割れとは？,済,なし
30,お金の基礎,お金の制度,親,知っておきたい公的なお金の制度,済,なし
30_1,お金の基礎,お金の制度,子,インフレでお金の価値はどう変わる？,済,なし
30_2,お金の基礎,お金の制度,子,高額療養費制度とは？,済,なし
30_3,お金の基礎,お金の制度,子,傷病手当金とは？,済,なし
30_4,お金の基礎,お金の制度,子,失業給付の基本,済,なし
30_5,お金の基礎,お金の制度,子,公的制度を調べるときの注意点,済,なし
31,ライフプラン,住宅,親,住宅購入に必要なお金｜頭金・ローン・諸費用,済,なし
31_1,ライフプラン,住宅,子,住宅ローンに頭金は入れるべき？投資を続けながらフルローンを選ぶ考え方,済,住宅ローン
31_2,ライフプラン,住宅,子,頭金を入れるメリット・デメリット,済,住宅ローン
31_3,ライフプラン,住宅,子,住宅ローンはいくら借りられるかではなくいくら返せるか,済,住宅ローン
31_4,ライフプラン,住宅,子,頭金と投資資金のどちらを優先するか,済,住宅ローン
31_5,ライフプラン,住宅,子,住宅購入後に必要な維持費,済,住宅ローン
32,ライフプラン,教育費,親,子どもにかかる教育費はいくら？,済,なし
32_1,ライフプラン,教育費,子,子ども1人にかかる教育費,済,なし
32_2,ライフプラン,教育費,子,公立と私立の教育費を比較,済,なし
32_3,ライフプラン,教育費,子,教育費を準備する方法,済,なし
32_4,ライフプラン,教育費,子,教育費と老後資金を両立する方法,済,なし
32_5,ライフプラン,教育費,子,教育費のために毎月いくら貯めるか,済,なし
33,ライフプラン,老後,親,老後資金はいくら必要？,済,なし
33_1,ライフプラン,老後,子,老後に毎月いくら必要か,済,なし
33_2,ライフプラン,老後,子,夫婦2人の老後資金,済,なし
33_3,ライフプラン,老後,子,老後資金を準備する方法,済,なし
33_4,ライフプラン,老後,子,年金だけで生活できる？,済,なし
33_5,ライフプラン,老後,子,老後の資産を取り崩す方法,済,なし
34,ライフプラン,結婚・家庭,親,結婚後のお金をどう管理するか,済,なし
34_1,ライフプラン,結婚・家庭,子,結婚後の家計管理方法,済,なし
34_2,ライフプラン,結婚・家庭,子,結婚にかかる費用,済,なし
34_3,ライフプラン,結婚・家庭,子,夫婦で貯める目標を決める方法,済,なし
34_4,ライフプラン,結婚・家庭,子,夫婦の資産形成を始める方法,済,なし
34_5,ライフプラン,結婚・家庭,子,家族が増える前に考えたいお金のこと,済,なし
35,ライフプラン,大きな支出,親,大きな支出に備える家計管理,済,なし
35_1,ライフプラン,大きな支出,子,車にかかる年間費用,済,なし
35_2,ライフプラン,大きな支出,子,引っ越しに必要なお金,済,なし
35_3,ライフプラン,大きな支出,子,家具・家電を買う予算の決め方,済,なし
35_4,ライフプラン,大きな支出,子,大きな支出のために毎月積み立てる方法,済,なし
35_5,ライフプラン,大きな支出,子,大きな買い物で後悔しないための考え方,済,なし
36,節約,ポイ活・ポイント,親,ポイントサイト・ポイ活を安全に始める方法,済,なし
36_1,節約,ポイ活・ポイント,子,ポイントサイトとは？仕組みと始め方を初心者向けに解説,済,ポイントサイト
36_2,節約,ポイ活・ポイント,子,ハピタスとポイントインカムの違い・使い分け,済,ポイントサイト
36_3,節約,ポイ活・ポイント,子,ポイントサイトの還元率を比較する方法,済,ポイントサイト
36_4,節約,ポイ活・ポイント,子,ポイントサイト経由で証券口座を開設する方法,済,ポイントサイト
36_5,節約,ポイ活・ポイント,子,証券口座案件の条件を確認する方法｜初回取引なら少額投資も選択肢,済,ポイントサイト
36_6,節約,ポイ活・ポイント,子,ポイントサイトのクレカ案件でカードを作りすぎない方法｜月3枚程度に抑える,済,ポイントサイト
36_7,節約,ポイ活・ポイント,子,ポイ活におすすめの案件｜クレカと証券口座を選ぶポイント,済,ポイントサイト
36_8,節約,ポイ活・ポイント,子,ポイントサイトのFX案件に申し込まない理由,済,ポイントサイト
36_9,節約,ポイ活・ポイント,子,ポイントサイト案件の達成条件と解約時期を管理する方法,済,ポイントサイト
36_10,節約,ポイ活・ポイント,子,三井住友カードとSBI証券の相性｜Vポイントでクレカ積立,済,クレジットカード
36_11,節約,ポイ活・ポイント,子,三井住友カードの100万円修行をした理由,済,クレジットカード
36_12,節約,ポイ活・ポイント,子,100万円修行でKyashを利用した体験談,済,クレジットカード
36_13,節約,ポイ活・ポイント,子,プラチナプリファードは年会費の元を取れる？,済,クレジットカード
